{"coor":[[0,1],[0.05,0.9875],[0.1,0.95],[0.15,0.8875],[0.2,0.8],[0.25,0.6875],[0.3,0.55],[0.35,0.38750000000000007],[0.4,0.19999999999999996],[0.4472135954999579,0],[0.4972135954999579,0.0125],[0.547213595499958,0.05],[0.5972135954999579,0.11249999999999999],[0.6472135954999579,0.2],[0.679764665159936,0.27040000000000003],[0.7297646651599361,0.2579],[0.779764665159936,0.22040000000000004],[0.8297646651599361,0.15790000000000004],[0.879764665159936,0.07040000000000002],[0.9123157348199142,0],[0.9623157348199143,0.0125],[1.0123157348199143,0.05],[1.033242291043103,0.07311616000000001],[1.083242291043103,0.060616160000000016],[1.133242291043103,0.02311616000000001],[1.1541688472662917,0],[1.2041688472662917,0.0125]],"bounces":3}